id,check,adm.level,Bundesland,Landkreis,intervention,start,end,comment,reference,reference2
"1,CORRECT,1,,,speech,2020-03-13,,""Merkel,Steinmeier"",https://www.rnd.de/politik/steinmeier-zu-corona-epidemie-dauer-der-krise-noch-nicht-absehbar-PUQP6YC7SGPT2LHBU6TGUH5NIQ.html,https://www.nytimes.com/2020/03/11/world/europe/coronavirus-merkel-germany.html"
2,CORRECT,1,,,speech,2020-03-19,,Merkel,https://www.bundeskanzlerin.de/bkin-de/aktuelles/fernsehansprache-von-bundeskanzlerin-angela-merkel-1732134,
3,NEW,1,,,narrow testing,2020-03-25,,,https://www.ptaheute.de/index.php?id=5599,
4,NEW,1,,,symptomatic testing,2020-04-24,,,https://www.tagesschau.de/inland/rki-coronavirus-109.html,
5,CORRECT,1,,,full testing,2020-06-17,,,https://www.rki.de/DE/Content/InfAZ/N/Neuartiges_Coronavirus/Teststrategie/Nat-Teststrat.html,
6,CORRECT,1,,,speech open,2020-04-17,,Spahn,https://www.bz-berlin.de/deutschland/spahn-corona-ausbruch-ist-beherrschbar-geworden,
7,CORRECT,1,,,masks recommended,2020-04-15,,,https://www.spiegel.de/politik/deutschland/coronavirus-bund-und-laender-empfehlen-dringend-schutzmasken-in-geschaeften-a-d74e7df2-c79b-4699-9f99-e3615598137f,
9,CORRECT,1,,,events recommended,2020-02-28,,rki,https://www.bmi.bund.de/SharedDocs/kurzmeldungen/DE/2020/02/handlungsempfehlungen-corona-rki.html,
10,CORRECT,1,,,events recommended,2020-03-12,,1000,https://www.bundesregierung.de/breg-de/themen/coronavirus/beschluss-zu-corona-1730292,
14,NEW,2,Baden-Württemberg,,holidays,2020-04-06,2020-04-20,,https://www.t-online.de/leben/reisen/reisetipps/id_86983396/schulferien-2020-in-deutschland-das-ist-der-ferienkalender-aller-bundeslaender-.html,
15,NEW,2,Bayern,,holidays,2020-04-06,2020-04-20,,https://www.t-online.de/leben/reisen/reisetipps/id_86983396/schulferien-2020-in-deutschland-das-ist-der-ferienkalender-aller-bundeslaender-.html,
16,NEW,2,Berlin,,holidays,2020-04-06,2020-04-20,,https://www.t-online.de/leben/reisen/reisetipps/id_86983396/schulferien-2020-in-deutschland-das-ist-der-ferienkalender-aller-bundeslaender-.html,
17,NEW,2,Brandenburg,,holidays,2020-04-06,2020-04-20,,https://www.t-online.de/leben/reisen/reisetipps/id_86983396/schulferien-2020-in-deutschland-das-ist-der-ferienkalender-aller-bundeslaender-.html,
18,NEW,2,Bremen,,holidays,2020-03-30,2020-04-15,,https://www.t-online.de/leben/reisen/reisetipps/id_86983396/schulferien-2020-in-deutschland-das-ist-der-ferienkalender-aller-bundeslaender-.html,
19,NEW,2,Hamburg,,holidays,2020-03-02,2020-03-16,,https://www.t-online.de/leben/reisen/reisetipps/id_86983396/schulferien-2020-in-deutschland-das-ist-der-ferienkalender-aller-bundeslaender-.html,
20,NEW,2,Hessen,,holidays,2020-04-06,2020-04-20,,https://www.t-online.de/leben/reisen/reisetipps/id_86983396/schulferien-2020-in-deutschland-das-ist-der-ferienkalender-aller-bundeslaender-.html,
21,NEW,2,Mecklenburg-Vorpommern,,holidays,2020-04-06,2020-04-16,,https://www.t-online.de/leben/reisen/reisetipps/id_86983396/schulferien-2020-in-deutschland-das-ist-der-ferienkalender-aller-bundeslaender-.html,
22,NEW,2,Niedersachsen,,holidays,2020-03-30,2020-04-15,,https://www.t-online.de/leben/reisen/reisetipps/id_86983396/schulferien-2020-in-deutschland-das-ist-der-ferienkalender-aller-bundeslaender-.html,
23,NEW,2,Nordrhein-Westfalen,,holidays,2020-04-06,2020-04-20,,https://www.t-online.de/leben/reisen/reisetipps/id_86983396/schulferien-2020-in-deutschland-das-ist-der-ferienkalender-aller-bundeslaender-.html,
24,NEW,2,Rheinland-Pfalz,,holidays,2020-04-09,2020-04-20,,https://www.t-online.de/leben/reisen/reisetipps/id_86983396/schulferien-2020-in-deutschland-das-ist-der-ferienkalender-aller-bundeslaender-.html,
25,NEW,2,Saarland,,holidays,2020-04-14,2020-04-27,,https://www.t-online.de/leben/reisen/reisetipps/id_86983396/schulferien-2020-in-deutschland-das-ist-der-ferienkalender-aller-bundeslaender-.html,
26,NEW,2,Sachsen,,holidays,2020-04-10,2020-04-20,,https://www.t-online.de/leben/reisen/reisetipps/id_86983396/schulferien-2020-in-deutschland-das-ist-der-ferienkalender-aller-bundeslaender-.html,
27,NEW,2,Sachsen-Anhalt,,holidays,2020-04-06,2020-04-13,,https://www.t-online.de/leben/reisen/reisetipps/id_86983396/schulferien-2020-in-deutschland-das-ist-der-ferienkalender-aller-bundeslaender-.html,
28,NEW,2,Schleswig-Holstein,,holidays,2020-03-30,2020-04-20,,https://www.t-online.de/leben/reisen/reisetipps/id_86983396/schulferien-2020-in-deutschland-das-ist-der-ferienkalender-aller-bundeslaender-.html,
29,NEW,2,Thüringen,,holidays,2020-04-06,2020-04-20,,https://www.t-online.de/leben/reisen/reisetipps/id_86983396/schulferien-2020-in-deutschland-das-ist-der-ferienkalender-aller-bundeslaender-.html,
31,NEW,2,Baden-Württemberg,,holidays,2020-06-02,2020-06-15,,https://www.t-online.de/leben/reisen/reisetipps/id_86983396/schulferien-2020-in-deutschland-das-ist-der-ferienkalender-aller-bundeslaender-.html,
32,NEW,2,Bayern,,holidays,2020-06-02,2020-06-15,,https://www.t-online.de/leben/reisen/reisetipps/id_86983396/schulferien-2020-in-deutschland-das-ist-der-ferienkalender-aller-bundeslaender-.html,
33,NEW,2,Berlin,,holidays,2020-05-08,2020-05-11,,https://www.t-online.de/leben/reisen/reisetipps/id_86983396/schulferien-2020-in-deutschland-das-ist-der-ferienkalender-aller-bundeslaender-.html,
34,NEW,2,Berlin,,holidays,2020-05-22,2020-05-25,,https://www.t-online.de/leben/reisen/reisetipps/id_86983396/schulferien-2020-in-deutschland-das-ist-der-ferienkalender-aller-bundeslaender-.html,
35,NEW,2,Bremen,,holidays,2020-06-02,2020-06-03,,https://www.t-online.de/leben/reisen/reisetipps/id_86983396/schulferien-2020-in-deutschland-das-ist-der-ferienkalender-aller-bundeslaender-.html,
36,NEW,2,Bremen,,holidays,2020-05-22,2020-05-25,,https://www.t-online.de/leben/reisen/reisetipps/id_86983396/schulferien-2020-in-deutschland-das-ist-der-ferienkalender-aller-bundeslaender-.html,
37,NEW,2,Hamburg,,holidays,2020-05-18,2020-05-25,,https://www.t-online.de/leben/reisen/reisetipps/id_86983396/schulferien-2020-in-deutschland-das-ist-der-ferienkalender-aller-bundeslaender-.html,
38,NEW,2,Mecklenburg-Vorpommern,,holidays,2020-05-22,2020-05-25,,https://www.t-online.de/leben/reisen/reisetipps/id_86983396/schulferien-2020-in-deutschland-das-ist-der-ferienkalender-aller-bundeslaender-.html,
39,NEW,2,Mecklenburg-Vorpommern,,holidays,2020-05-29,2020-06-03,,https://www.t-online.de/leben/reisen/reisetipps/id_86983396/schulferien-2020-in-deutschland-das-ist-der-ferienkalender-aller-bundeslaender-.html,
40,NEW,2,Niedersachsen,,holidays,2020-05-22,2020-05-25,,https://www.t-online.de/leben/reisen/reisetipps/id_86983396/schulferien-2020-in-deutschland-das-ist-der-ferienkalender-aller-bundeslaender-.html,
41,CORRECT,2,Niedersachsen,,holidays,2020-06-02,2020-06-03,,https://www.t-online.de/leben/reisen/reisetipps/id_86983396/schulferien-2020-in-deutschland-das-ist-der-ferienkalender-aller-bundeslaender-.html,
42,CORRECT,2,Nordrhein-Westfalen,,holidays,2020-06-02,2020-06-03,,https://www.t-online.de/leben/reisen/reisetipps/id_86983396/schulferien-2020-in-deutschland-das-ist-der-ferienkalender-aller-bundeslaender-.html,
43,NEW,2,Sachsen,,holidays,2020-05-22,2020-05-25,,https://www.t-online.de/leben/reisen/reisetipps/id_86983396/schulferien-2020-in-deutschland-das-ist-der-ferienkalender-aller-bundeslaender-.html,
44,CORRECT,2,Sachsen-Anhalt,,holidays,2020-05-18,2020-05-31,,https://www.t-online.de/leben/reisen/reisetipps/id_86983396/schulferien-2020-in-deutschland-das-ist-der-ferienkalender-aller-bundeslaender-.html,
45,NEW,2,Schleswig-Holstein,,holidays,2020-05-22,2020-05-25,,https://www.t-online.de/leben/reisen/reisetipps/id_86983396/schulferien-2020-in-deutschland-das-ist-der-ferienkalender-aller-bundeslaender-.html,
46,NEW,2,Thüringen,,holidays,2020-05-22,2020-05-25,,https://www.t-online.de/leben/reisen/reisetipps/id_86983396/schulferien-2020-in-deutschland-das-ist-der-ferienkalender-aller-bundeslaender-.html,
51,CORRECT,2,Baden-Württemberg,,schools,2020-03-17,,,http://www.landesrecht-bw.de/jportal/?quelle=jlink&docid=VB-BW-GBl2020117&psml=bsbawueprod.psml&max=true,
52,CORRECT,2,Bayern,,schools,2020-03-16,,,https://www.verkuendung-bayern.de/baymbl/2020-140/,
54,CORRECT,2,Brandenburg,,schools,2020-03-18,,,https://www.tagesschau.de/inland/corona-schulschliessungen-103.html,
55,CORRECT,2,Bremen,,schools,2020-03-16,,,https://www.tagesschau.de/inland/corona-schulschliessungen-103.html,
56,CORRECT,2,Hamburg,,schools,2020-03-16,,allow below 14,https://www.hamburg.de/allgemeinverfuegungen/13729978/2020-03-13-allgemeinverfuegung/,
57,CORRECT,2,Hessen,,schools,2020-03-16,,,http://starweb.hessen.de/cache/GVBL/2020/00008.pdf#page=5,
58,CORRECT,2,Mecklenburg-Vorpommern,,schools,2020-03-16,,,http://www.landesrecht-mv.de/jportal/portal/page/bsmvprod.psml?doc.id=VVMV-VVMV000009751&showdoccase=1,
59,CORRECT,2,Niedersachsen,,schools,2020-03-16,,,https://www.tagesschau.de/inland/corona-schulschliessungen-103.html,
60,NEW,2,Nordrhein-Westfalen,,schools,2020-03-16,,,https://www1.wdr.de/radio/wdr5/sendungen/tagesgespraech/tg-dreizehnter-maerz-106.html,
61,CORRECT,2,Rheinland-Pfalz,,schools,2020-03-16,,,https://www.tagesschau.de/inland/corona-schulschliessungen-103.html,
62,CORRECT,2,Saarland,,schools,2020-03-16,,,https://www.tagesschau.de/inland/corona-schulschliessungen-103.html,
63,CORRECT,2,Sachsen,,schools,2020-03-16,,schools open but no teaching,https://www.tagesschau.de/inland/corona-schulschliessungen-103.html,
64,CORRECT,2,Sachsen-Anhalt,,schools,2020-03-16,,,https://www.tagesschau.de/inland/corona-schulschliessungen-103.html,
65,CORRECT,2,Schleswig-Holstein,,schools,2020-03-16,,,https://www.tagesschau.de/inland/corona-schulschliessungen-103.html,
66,CORRECT,2,Thüringen,,schools,2020-03-17,,,https://www.tagesschau.de/inland/corona-schulschliessungen-103.html,
68,CORRECT,2,Baden-Württemberg,,sports,2020-03-17,,limited,http://www.landesrecht-bw.de/jportal/?quelle=jlink&docid=VB-BW-GBl2020117&psml=bsbawueprod.psml&max=true,
69,CORRECT,2,Baden-Württemberg,,bars,2020-03-17,,,http://www.landesrecht-bw.de/jportal/?quelle=jlink&docid=VB-BW-GBl2020117&psml=bsbawueprod.psml&max=true,
70,CORRECT,2,Baden-Württemberg,,events,2020-03-17,,100,http://www.landesrecht-bw.de/jportal/?quelle=jlink&docid=VB-BW-GBl2020117&psml=bsbawueprod.psml&max=true,
71,CORRECT,2,Baden-Württemberg,,kitas,2020-03-17,,,http://www.landesrecht-bw.de/jportal/?quelle=jlink&docid=VB-BW-GBl2020117&psml=bsbawueprod.psml&max=true,
72,CORRECT,2,Baden-Württemberg,,restaurants,2020-03-17,,limited,http://www.landesrecht-bw.de/jportal/?quelle=jlink&docid=VB-BW-GBl2020117&psml=bsbawueprod.psml&max=true,
73,CORRECT,2,Baden-Württemberg,,shops,2020-03-17,,,http://www.landesrecht-bw.de/jportal/?quelle=jlink&docid=VB-BW-GBl2020117&psml=bsbawueprod.psml&max=true,
74,CORRECT,2,Baden-Württemberg,,universities,2020-03-17,,,http://www.landesrecht-bw.de/jportal/?quelle=jlink&docid=VB-BW-GBl2020117&psml=bsbawueprod.psml&max=true,
75,CORRECT,2,Baden-Württemberg,,sports,2020-03-18,,,http://www.landesrecht-bw.de/jportal/?quelle=jlink&docid=VB-BW-GBl2020120&psml=bsbawueprod.psml&max=true,
76,CORRECT,2,Baden-Württemberg,,events,2020-03-18,,,http://www.landesrecht-bw.de/jportal/?quelle=jlink&docid=VB-BW-GBl2020120&psml=bsbawueprod.psml&max=true,
77,CORRECT,2,Baden-Württemberg,,gatherings,2020-03-21,,3,http://www.landesrecht-bw.de/jportal/?quelle=jlink&docid=VB-BW-GBl2020133-1&psml=bsbawueprod.psml&max=true,
78,CORRECT,2,Baden-Württemberg,,restaurants,2020-03-21,,,http://www.landesrecht-bw.de/jportal/?quelle=jlink&docid=VB-BW-GBl2020133-1&psml=bsbawueprod.psml&max=true,
79,CORRECT,2,Baden-Württemberg,,distance,2020-03-23,,,http://www.landesrecht-bw.de/jportal/?quelle=jlink&docid=VB-BW-GBl2020135&psml=bsbawueprod.psml&max=true,
80,CORRECT,2,Baden-Württemberg,,gatherings,2020-03-23,,hh+1,http://www.landesrecht-bw.de/jportal/?quelle=jlink&docid=VB-BW-GBl2020135&psml=bsbawueprod.psml&max=true,
81,CORRECT,2,Baden-Württemberg,,shops2,2020-04-20,,,http://www.landesrecht-bw.de/jportal/?quelle=jlink&docid=VB-BW-GBl2020189-1&psml=bsbawueprod.psml&max=true,
82,CORRECT,2,Baden-Württemberg,,masks,2020-04-27,,,http://www.landesrecht-bw.de/jportal/?quelle=jlink&docid=VB-BW-GBl2020192&psml=bsbawueprod.psml&max=true,
83,CORRECT,2,Baden-Württemberg,,churches open,2020-05-04,,,http://www.landesrecht-bw.de/jportal/?quelle=jlink&docid=VB-BW-GBl2020206&psml=bsbawueprod.psml&max=true,
84,CORRECT,2,Baden-Württemberg,,schools open,2020-05-04,,limited,http://www.landesrecht-bw.de/jportal/?quelle=jlink&docid=VB-BW-GBl2020229-1&psml=bsbawueprod.psml&max=true,
85,CORRECT,2,Baden-Württemberg,,gatherings,2020-05-11,,2hh,http://www.landesrecht-bw.de/jportal/?quelle=jlink&docid=VB-BW-GBl2020266&psml=bsbawueprod.psml&max=true,
86,CORRECT,2,Baden-Württemberg,,restaurants open,2020-05-11,,outside,http://www.landesrecht-bw.de/jportal/?quelle=jlink&docid=VB-BW-GBl2020266&psml=bsbawueprod.psml&max=true,
87,CORRECT,2,Baden-Württemberg,,sports open,2020-05-11,,limited,http://www.landesrecht-bw.de/jportal/?quelle=jlink&docid=VB-BW-GBl2020266&psml=bsbawueprod.psml&max=true,
88,CORRECT,2,Baden-Württemberg,,shops open,2020-05-11,,,http://www.landesrecht-bw.de/jportal/?quelle=jlink&docid=VB-BW-GBl2020266&psml=bsbawueprod.psml&max=true,
89,CORRECT,2,Baden-Württemberg,,restaurants open,2020-05-18,,,https://www.baden-wuerttemberg.de/fileadmin/redaktion/dateien/PDF/Coronainfos/200528_SM-WM_CoronaVO_Gaststaetten_konsolidiert_ab-200602.pdf,
90,CORRECT,2,Baden-Württemberg,,events open,2020-05-27,,100,http://www.landesrecht-bw.de/jportal/?quelle=jlink&docid=VB-BW-GBl2020325-1&psml=bsbawueprod.psml&max=true,
94,CORRECT,2,Baden-Württemberg,,kitas open,2020-04-27,,limited,https://www.rki.de/DE/Content/InfAZ/N/Neuartiges_Coronavirus/Projekte_RKI/KiTAStudie_Mai.pdf?__blob=publicationFile,
95,CORRECT,2,Baden-Württemberg,,kitas open,2020-05-18,,,https://www.rki.de/DE/Content/InfAZ/N/Neuartiges_Coronavirus/Projekte_RKI/KiTAStudie_Mai.pdf?__blob=publicationFile,
98,NEW,3,Baden-Württemberg,SK Freiburg,curfew,2020-03-21,2020-04-04,,https://www.swr.de/swraktuell/baden-wuerttemberg/suedbaden/freiburg-erlaesst-betretungsverbot-fuer-oeffetnliche-platze-100.html,
99,NEW,3,Baden-Württemberg,SK Freiburg,gatherings,2020-03-21,2020-04-04,hh+1,https://www.swr.de/swraktuell/baden-wuerttemberg/suedbaden/freiburg-erlaesst-betretungsverbot-fuer-oeffetnliche-platze-100.html,
100,NEW,3,Baden-Württemberg,SK Freiburg,sports,2020-03-21,2020-04-04,,https://www.swr.de/swraktuell/baden-wuerttemberg/suedbaden/freiburg-erlaesst-betretungsverbot-fuer-oeffetnliche-platze-100.html,
102,CORRECT,3,Baden-Württemberg,LK Rottweil,masks,2020-04-17,,,http://ftp.iza.org/dp13319.pdf,
104,CORRECT,2,Bayern,,kitas,2020-03-16,,,https://www.sueddeutsche.de/bayern/coronavirus-bayern-schulen-kitas-geschlossen-1.4843311,
105,CORRECT,2,Bayern,,churches open,2020-05-04,,,https://www.verkuendung-bayern.de/baymbl/2020-239/,
106,NEW,2,Bayern,,curfew,2020-03-21,2020-04-04,,https://www.verkuendung-bayern.de/baymbl/2020-152/,https://www.verkuendung-bayern.de/baymbl/2020-239/
107,CORRECT,2,Bayern,,distance,2020-03-21,,,https://www.verkuendung-bayern.de/baymbl/2020-152/,
108,CORRECT,2,Bayern,,events,2020-03-11,,1000,https://www.verkuendung-bayern.de/baymbl/2020-139/,
109,CORRECT,2,Bayern,,events,2020-03-17,,,https://www.verkuendung-bayern.de/baymbl/2020-143/,
110,CORRECT,2,Bayern,,events open,2020-05-04,,50,https://www.verkuendung-bayern.de/baymbl/2020-239/,
111,CORRECT,2,Bayern,,shops open,2020-05-11,,,https://www.verkuendung-bayern.de/baymbl/2020-240/,
112,CORRECT,2,Bayern,,gatherings,2020-05-11,,hh+1,https://www.verkuendung-bayern.de/baymbl/2020-240/,
113,CORRECT,2,Bayern,,gatherings,2020-05-30,,2hh,https://www.verkuendung-bayern.de/baymbl/2020-304/,
115,CORRECT,2,Bayern,,masks recommended,2020-04-20,,,https://www.verkuendung-bayern.de/gvbl/2020-214/,
116,CORRECT,2,Bayern,,masks,2020-04-27,,,http://ftp.iza.org/dp13319.pdf,
117,CORRECT,2,Bayern,,restaurants,2020-03-21,,,https://www.verkuendung-bayern.de/baymbl/2020-152/,
118,NEW,2,Bayern,,restaurants,2020-03-18,,limited,https://www.verkuendung-bayern.de/baymbl/2020-143/,
119,CORRECT,2,Bayern,,restaurants open,2020-05-30,,,https://www.verkuendung-bayern.de/baymbl/2020-304/,
120,NEW,2,Bayern,,schools open,2020-05-11,,one old class,https://www.verkuendung-bayern.de/baymbl/2020-251/,
121,NEW,2,Bayern,,schools open,2020-05-18,,one young class,https://www.verkuendung-bayern.de/baymbl/2020-251/,
124,CORRECT,2,Bayern,,bars,2020-03-17,,,https://www.verkuendung-bayern.de/baymbl/2020-143/,
125,NEW,2,Bayern,,shops,2020-03-18,,,https://www.verkuendung-bayern.de/baymbl/2020-143/,
126,CORRECT,2,Bayern,,shops2,2020-04-20,,,https://www.verkuendung-bayern.de/gvbl/2020-214/,
127,CORRECT,2,Bayern,,sports,2020-03-17,,,https://www.verkuendung-bayern.de/baymbl/2020-143/,
130,CORRECT,2,Bayern,,kitas open,2020-05-11,,limited,https://www.rki.de/DE/Content/InfAZ/N/Neuartiges_Coronavirus/Projekte_RKI/KiTAStudie_Mai.pdf?__blob=publicationFile,
134,CORRECT,3,Bayern,LK Tirschenreuth,curfew,2020-03-19,2020-04-07,limited,https://www.kreis-tir.de/fileadmin/user_upload/Ausgangssperre_MIT.pdf,https://www.kreis-tir.de/buergerservice/aktuelles/news/news/detail/News/corona-virus-ausgangssperre-in-mitterteich-wird-am-7-april-aufgehoben/
135,NEW,3,Bayern,LK Tirschenreuth,festivities,2020-03-07,2020-03-09,limited,https://www.kreis-tir.de/fileadmin/user_upload/rki_ergebnis.pdf,https://www.kreis-tir.de/buergerservice/aktuelles/news/news/detail/News/corona-virus-ausgangssperre-in-mitterteich-wird-am-7-april-aufgehoben/
138,NEW,2,Berlin,,events,2020-03-12,,1000,https://www.berlin.de/ba-lichtenberg/aktuelles/pressemitteilungen/2020/pressemitteilung.906069.php,
139,CORRECT,2,Berlin,,kitas,2020-03-17,,,https://www.rki.de/DE/Content/InfAZ/N/Neuartiges_Coronavirus/Projekte_RKI/KiTAStudie_Mai.pdf?__blob=publicationFile,
140,CORRECT,2,Berlin,,events,2020-03-14,,50,https://www.berlin.de/sen/justiz/service/gesetze-und-verordnungen/2020/ausgabe-nr-10-vom-19-3-2020-s-209-212.pdf#page=2,
141,CORRECT,2,Berlin,,bars,2020-03-14,,,https://www.berlin.de/sen/justiz/service/gesetze-und-verordnungen/2020/ausgabe-nr-10-vom-19-3-2020-s-209-212.pdf#page=2,
142,CORRECT,2,Berlin,,sports,2020-03-14,,,https://www.berlin.de/sen/justiz/service/gesetze-und-verordnungen/2020/ausgabe-nr-10-vom-19-3-2020-s-209-212.pdf#page=2,
143,CORRECT,2,Berlin,,restaurants,2020-03-14,,limited,https://www.berlin.de/sen/justiz/service/gesetze-und-verordnungen/2020/ausgabe-nr-10-vom-19-3-2020-s-209-212.pdf#page=2,
145,CORRECT,2,Berlin,,schools,2020-03-16,,limited,https://www.berlin.de/sen/justiz/service/gesetze-und-verordnungen/2020/ausgabe-nr-10-vom-19-3-2020-s-209-212.pdf#page=2,https://www.berlin.de/sen/uvk/presse/pressemitteilungen/2020/pressemitteilung.906900.php
146,CORRECT,2,Berlin,,restaurants,2020-03-22,,,https://www.berlin.de/sen/justiz/service/gesetze-und-verordnungen/2020/ausgabe-nr-12-vom-27-3-2020-s-217-224.pdf#page=2,
147,CORRECT,2,Berlin,,distance,2020-03-22,,,https://www.berlin.de/sen/justiz/service/gesetze-und-verordnungen/2020/ausgabe-nr-12-vom-27-3-2020-s-217-224.pdf#page=3,
148,CORRECT,2,Berlin,,events,2020-03-22,,10,https://www.berlin.de/sen/justiz/service/gesetze-und-verordnungen/2020/ausgabe-nr-12-vom-27-3-2020-s-217-224.pdf#page=3,
149,CORRECT,2,Berlin,,events,2020-04-03,,,https://www.berlin.de/sen/justiz/service/gesetze-und-verordnungen/2020/ausgabe-nr-14-vom-15-4-2020-s-233-244.pdf#page=2,
150,CORRECT,2,Berlin,,shops,2020-04-03,,,https://www.berlin.de/sen/justiz/service/gesetze-und-verordnungen/2020/ausgabe-nr-14-vom-15-4-2020-s-233-244.pdf#page=2,
151,NEW,2,Berlin,,curfew,2020-03-23,2020-04-20,,https://www.berlin.de/sen/justiz/service/gesetze-und-verordnungen/2020/ausgabe-nr-14-vom-15-4-2020-s-233-244.pdf#page=2,
152,CORRECT,2,Berlin,,gatherings,2020-04-22,,hh+1,https://www.berlin.de/sen/justiz/service/gesetze-und-verordnungen/2020/ausgabe-nr-17-vom-24-4-2020-s-261-272.pdf#page=3,
153,NEW,2,Berlin,,masks,2020-04-22,,limited,https://www.berlin.de/sen/justiz/service/gesetze-und-verordnungen/2020/ausgabe-nr-17-vom-24-4-2020-s-261-272.pdf#page=3,
154,CORRECT,2,Berlin,,churches open,2020-05-04,,,https://www.berlin.de/sen/justiz/service/gesetze-und-verordnungen/2020/ausgabe-nr-17-vom-24-4-2020-s-261-272.pdf#page=3,
155,CORRECT,2,Berlin,,shops2,2020-04-22,,,https://www.berlin.de/sen/justiz/service/gesetze-und-verordnungen/2020/ausgabe-nr-17-vom-24-4-2020-s-261-272.pdf#page=3,
156,CORRECT,2,Berlin,,masks,2020-04-29,,,https://www.berlin.de/sen/justiz/service/gesetze-und-verordnungen/2020/ausgabe-nr-19-vom-5-5-2020-s-285-296.pdf#page=3,
157,CORRECT,2,Berlin,,gatherings,2020-05-09,,2hh,https://www.berlin.de/sen/justiz/service/gesetze-und-verordnungen/2020/ausgabe-nr-21-vom-16-5-2020-s-305-320.pdf#page=3,
158,CORRECT,2,Berlin,,shops open,2020-05-09,,,https://www.berlin.de/sen/justiz/service/gesetze-und-verordnungen/2020/ausgabe-nr-21-vom-16-5-2020-s-305-320.pdf#page=3,
159,CORRECT,2,Berlin,,schools open,2020-05-09,,,https://www.berlin.de/sen/justiz/service/gesetze-und-verordnungen/2020/ausgabe-nr-21-vom-16-5-2020-s-305-320.pdf#page=3,
160,CORRECT,2,Berlin,,sports open,2020-05-15,,limited,https://www.berlin.de/sen/justiz/service/gesetze-und-verordnungen/2020/ausgabe-nr-21-vom-16-5-2020-s-305-320.pdf#page=3,
161,CORRECT,2,Berlin,,restaurants open,2020-05-15,,,https://www.berlin.de/sen/justiz/service/gesetze-und-verordnungen/2020/ausgabe-nr-21-vom-16-5-2020-s-305-320.pdf#page=3,
162,CORRECT,2,Berlin,,gatherings,2020-05-30,,5,https://www.berlin.de/sen/justiz/service/gesetze-und-verordnungen/2020/ausgabe-nr-26-vom-6-6-2020-s-505-520.pdf,
169,CORRECT,2,Berlin,,kitas open,2020-04-27,,limited,https://www.rki.de/DE/Content/InfAZ/N/Neuartiges_Coronavirus/Projekte_RKI/KiTAStudie_Mai.pdf?__blob=publicationFile,
172,CORRECT,2,Hessen,,bars,2020-03-18,,,http://starweb.hessen.de/cache/GVBL/2020/00009.pdf#page=3,
173,CORRECT,2,Hessen,,bars open,2020-05-15,,,https://www.hessen.de/sites/default/files/media/hessen.de_land/corona_ampel_final_v4.pdf,
174,CORRECT,2,Hessen,,churches open,2020-05-01,,,http://starweb.hessen.de/cache/GVBL/2020/00022.pdf#page=2,
175,CORRECT,2,Hessen,,distance,2020-03-21,,,http://starweb.hessen.de/cache/GVBL/2020/00010.pdf#page=2,
176,CORRECT,2,Hessen,,events,2020-03-14,,100,http://starweb.hessen.de/cache/GVBL/2020/00008.pdf#page=5,
177,NEW,2,Hessen,,events,2020-03-21,,5,http://starweb.hessen.de/cache/GVBL/2020/00010.pdf#page=2,
178,CORRECT,2,Hessen,,events open,2020-05-09,,100,http://starweb.hessen.de/cache/GVBL/2020/00024.pdf#page=2,
179,CORRECT,2,Hessen,,gatherings,2020-03-21,,5,http://starweb.hessen.de/cache/GVBL/2020/00010.pdf#page=2,
180,CORRECT,2,Hessen,,gatherings,2020-03-23,,hh+1,https://www.hessen.de/presse/pressemitteilung/gemeinsame-leitlinien-von-bund-und-laendern-weiter-verschaerft,
182,NEW,2,Hessen,,kitas,2020-03-14,,,http://starweb.hessen.de/cache/GVBL/2020/00008.pdf#page=55,
183,CORRECT,2,Hessen,,kitas open,2020-04-20,,limited,https://www.rki.de/DE/Content/InfAZ/N/Neuartiges_Coronavirus/Projekte_RKI/KiTAStudie_Mai.pdf?__blob=publicationFile,
185,CORRECT,2,Hessen,,masks,2020-04-27,,,http://starweb.hessen.de/cache/GVBL/2020/00020.pdf#page=2,
186,CORRECT,2,Hessen,,restaurants,2020-03-18,,,http://starweb.hessen.de/cache/GVBL/2020/00009.pdf#page=3,
187,CORRECT,2,Hessen,,restaurants open,2020-05-15,,,https://www.hessen.de/sites/default/files/media/hessen.de_land/corona_ampel_final_v4.pdf,
188,CORRECT,2,Hessen,,schools open,2020-04-27,,limited,http://starweb.hessen.de/cache/GVBL/2020/00019.pdf#page=2,
189,CORRECT,2,Hessen,,schools open,2020-05-18,,limited,http://starweb.hessen.de/cache/GVBL/2020/00024.pdf#page=2,
192,CORRECT,2,Hessen,,shops,2020-03-18,,,http://starweb.hessen.de/cache/GVBL/2020/00009.pdf#page=3,
193,CORRECT,2,Hessen,,shops open,2020-05-09,,,http://starweb.hessen.de/cache/GVBL/2020/00024.pdf#page=2,
194,CORRECT,2,Hessen,,shops2,2020-04-20,,,http://starweb.hessen.de/cache/GVBL/2020/00019.pdf#page=2,
195,CORRECT,2,Hessen,,sports,2020-03-18,,,http://starweb.hessen.de/cache/GVBL/2020/00009.pdf#page=3,
196,NEW,2,Hessen,,sports open,2020-05-09,,limited,http://starweb.hessen.de/cache/GVBL/2020/00024.pdf#page=2,
198,CORRECT,2,Hessen,,universities open,2020-05-15,,,https://www.hessen.de/sites/default/files/media/hessen.de_land/corona_ampel_final_v4.pdf,
201,CORRECT,2,Nordrhein-Westfalen,,kitas,2020-03-16,,,https://www.wz.de/nrw/coronavirus-schulen-kitas-schliessen-das-sind-die-massnahmen-in-nrw_aid-49542813,
202,CORRECT,2,Nordrhein-Westfalen,,shops,2020-03-16,,limited,https://lexcorona.de/lib/exe/fetch.php?media=rechtsakteland:nrw:erlass-kontakt-reduzierende-massnahmen-15032020.pdf,
203,CORRECT,2,Nordrhein-Westfalen,,restaurants,2020-03-16,,limited,https://lexcorona.de/lib/exe/fetch.php?media=rechtsakteland:nrw:erlass-kontakt-reduzierende-massnahmen-15032020.pdf,
204,CORRECT,2,Nordrhein-Westfalen,,bars,2020-03-16,,,https://lexcorona.de/lib/exe/fetch.php?media=rechtsakteland:nrw:erlass-kontakt-reduzierende-massnahmen-15032020.pdf,
205,CORRECT,2,Nordrhein-Westfalen,,sports,2020-03-23,,,https://recht.nrw.de/lmi/owa/br_vbl_detail_text?anw_nr=6&vd_id=18354&ver=8&val=18354&sg=0&menu=1&vd_back=N,
206,CORRECT,2,Nordrhein-Westfalen,,shops,2020-03-23,,,https://recht.nrw.de/lmi/owa/br_vbl_detail_text?anw_nr=6&vd_id=18354&ver=8&val=18354&sg=0&menu=1&vd_back=N,
207,CORRECT,2,Nordrhein-Westfalen,,restaurants,2020-03-23,,,https://recht.nrw.de/lmi/owa/br_vbl_detail_text?anw_nr=6&vd_id=18354&ver=8&val=18354&sg=0&menu=1&vd_back=N,
208,CORRECT,2,Nordrhein-Westfalen,,events,2020-03-16,,,https://lexcorona.de/lib/exe/fetch.php?media=rechtsakteland:nrw:erlass-kontakt-reduzierende-massnahmen-15032020.pdf,
209,CORRECT,2,Nordrhein-Westfalen,,gatherings,2020-03-23,,hh+1,https://recht.nrw.de/lmi/owa/br_vbl_detail_text?anw_nr=6&vd_id=18354&ver=8&val=18354&sg=0&menu=1&vd_back=N,
210,CORRECT,2,Nordrhein-Westfalen,,distance,2020-03-23,,,https://recht.nrw.de/lmi/owa/br_vbl_detail_text?anw_nr=6&vd_id=18354&ver=8&val=18354&sg=0&menu=1&vd_back=N,
211,CORRECT,2,Nordrhein-Westfalen,,schools open,2020-04-23,,one old class,https://www.schulministerium.nrw.de/docs/bp/Ministerium/Schulverwaltung/Schulmail/Archiv-2020/200418/index.html,
212,NEW,2,Nordrhein-Westfalen,,schools open,2020-05-07,,one old class,https://www.schulministerium.nrw.de/docs/bp/Ministerium/Schulverwaltung/Schulmail/Archiv-2020/200506/index.html,
213,CORRECT,2,Nordrhein-Westfalen,,schools open,2020-05-11,,two more classes,https://www.schulministerium.nrw.de/docs/bp/Ministerium/Schulverwaltung/Schulmail/Archiv-2020/200506/index.html,
215,CORRECT,2,Nordrhein-Westfalen,,shops2,2020-04-20,,,https://recht.nrw.de/lmi/owa/br_vbl_detail_text?anw_nr=6&vd_id=18408&ver=8&val=18408&sg=0&menu=1&vd_back=N,
216,CORRECT,2,Nordrhein-Westfalen,,masks,2020-04-27,,,https://recht.nrw.de/lmi/owa/br_vbl_detail_text?anw_nr=6&vd_id=18430&ver=8&val=18430&sg=0&menu=1&vd_back=N,
217,CORRECT,2,Nordrhein-Westfalen,,churches open,2020-04-27,,,https://recht.nrw.de/lmi/owa/br_vbl_detail_text?anw_nr=6&vd_id=18430&ver=8&val=18430&sg=0&menu=1&vd_back=N,
218,CORRECT,2,Nordrhein-Westfalen,,sports open,2020-05-07,,limited,https://recht.nrw.de/lmi/owa/br_vbl_detail_text?anw_nr=6&vd_id=18450&ver=8&val=18450&sg=0&menu=1&vd_back=N,
219,CORRECT,2,Nordrhein-Westfalen,,shops open,2020-05-11,,,https://recht.nrw.de/lmi/owa/br_vbl_detail_text?anw_nr=6&vd_id=18465&ver=8&val=18465&sg=0&menu=1&vd_back=N,
220,CORRECT,2,Nordrhein-Westfalen,,gatherings,2020-05-11,,2hh,https://recht.nrw.de/lmi/owa/br_vbl_detail_text?anw_nr=6&vd_id=18465&ver=8&val=18465&sg=0&menu=1&vd_back=N,
221,CORRECT,2,Nordrhein-Westfalen,,restaurants open,2020-05-11,,limited,https://recht.nrw.de/lmi/owa/br_vbl_detail_text?anw_nr=6&vd_id=18465&ver=8&val=18465&sg=0&menu=1&vd_back=N,
222,CORRECT,2,Nordrhein-Westfalen,,gatherings,2020-05-30,,10,https://recht.nrw.de/lmi/owa/br_vbl_detail_text?anw_nr=6&vd_id=18487&ver=8&val=18487&sg=0&menu=1&vd_back=N,
223,CORRECT,2,Nordrhein-Westfalen,,restaurants open,2020-05-30,,,https://recht.nrw.de/lmi/owa/br_vbl_detail_text?anw_nr=6&vd_id=18487&ver=8&val=18487&sg=0&menu=1&vd_back=N,
224,CORRECT,2,Nordrhein-Westfalen,,kitas open,2020-04-27,,limited,https://www.rki.de/DE/Content/InfAZ/N/Neuartiges_Coronavirus/Projekte_RKI/KiTAStudie_06-2020.pdf?__blob=publicationFile,
233,CORRECT,3,Nordrhein-Westfalen,SK Leverkusen,curfew,2020-03-20,2020-04-20,,https://www.leverkusen.de/rathaus-service/downloads/rathaus/amtsblatt/Amtsblatt_Nr._20_vom_19.03.2020.pdf,
234,CORRECT,3,Nordrhein-Westfalen,SK Leverkusen,gatherings,2020-03-20,2020-04-20,hh+1,https://www.leverkusen.de/rathaus-service/downloads/rathaus/amtsblatt/Amtsblatt_Nr._20_vom_19.03.2020.pdf,
235,CORRECT,3,Nordrhein-Westfalen,SK Leverkusen,restaurants,2020-03-20,2020-04-20,,https://www.leverkusen.de/rathaus-service/downloads/rathaus/amtsblatt/Amtsblatt_Nr._20_vom_19.03.2020.pdf,
236,CORRECT,3,Nordrhein-Westfalen,SK Leverkusen,bars,2020-03-20,2020-04-20,,https://www.leverkusen.de/rathaus-service/downloads/rathaus/amtsblatt/Amtsblatt_Nr._20_vom_19.03.2020.pdf,
237,CORRECT,3,Nordrhein-Westfalen,SK Leverkusen,shops,2020-03-20,2020-04-20,,https://www.leverkusen.de/rathaus-service/downloads/rathaus/amtsblatt/Amtsblatt_Nr._20_vom_19.03.2020.pdf,
238,CORRECT,3,Nordrhein-Westfalen,SK Leverkusen,sports,2020-03-20,2020-04-20,,https://www.leverkusen.de/rathaus-service/downloads/rathaus/amtsblatt/Amtsblatt_Nr._20_vom_19.03.2020.pdf,
240,CORRECT,3,Nordrhein-Westfalen,LK Warendorf,local lockdown,2020-06-24,2020-06-30,,https://lexcorona.de/lib/exe/fetch.php?media=rechtsakteland:nrw:2020-06-23_coronaregionalverordnung.pdf,
241,CORRECT,3,Nordrhein-Westfalen,LK Gütersloh,local lockdown,2020-06-24,2020-07-07,,https://lexcorona.de/lib/exe/fetch.php?media=rechtsakteland:nrw:2020-06-23_coronaregionalverordnung.pdf,https://www.land.nrw/sites/default/files/asset/document/2020-06-30_coronaregiovo_vom_30.06.2020.pdf
251,NEW,3,Nordrhein-Westfalen,LK Heinsberg,festivities,2020-02-20,2020-02-26,,https://de.wikipedia.org/wiki/COVID-19-Pandemie_im_Kreis_Heinsberg,
252,CORRECT,3,Nordrhein-Westfalen,LK Heinsberg,schools,2020-02-26,,,https://de.wikipedia.org/wiki/COVID-19-Pandemie_im_Kreis_Heinsberg,https://www.facebook.com/1733748246879979/videos/219856912529170
253,CORRECT,3,Nordrhein-Westfalen,LK Heinsberg,kitas,2020-02-26,,,https://de.wikipedia.org/wiki/COVID-19-Pandemie_im_Kreis_Heinsberg,https://www.facebook.com/1733748246879979/videos/219856912529170
258,CORRECT,3,Nordrhein-Westfalen,LK Coesfeld,shops2,2020-05-11,2020-05-19,,https://www.kreis-coesfeld.de/themen-projekte/gesundheit/coronavirus/mitteilungen-pressemeldungen/pressemeldungen-zu-corona-detailansichten.html?tx_news_pi1%5Bnews%5D=6508&tx_news_pi1%5Bcontroller%5D=News&tx_news_pi1%5Baction%5D=detail&cHash=f23698b23dc63b3dff4dab24d91b59e7,
259,CORRECT,3,Nordrhein-Westfalen,LK Coesfeld,gatherings,2020-05-11,2020-05-19,hh+1,https://www.kreis-coesfeld.de/themen-projekte/gesundheit/coronavirus/mitteilungen-pressemeldungen/pressemeldungen-zu-corona-detailansichten.html?tx_news_pi1%5Bnews%5D=6508&tx_news_pi1%5Bcontroller%5D=News&tx_news_pi1%5Baction%5D=detail&cHash=f23698b23dc63b3dff4dab24d91b59e7,
260,CORRECT,3,Nordrhein-Westfalen,LK Coesfeld,restaurants,2020-05-11,2020-05-19,,https://www.kreis-coesfeld.de/themen-projekte/gesundheit/coronavirus/mitteilungen-pressemeldungen/pressemeldungen-zu-corona-detailansichten.html?tx_news_pi1%5Bnews%5D=6508&tx_news_pi1%5Bcontroller%5D=News&tx_news_pi1%5Baction%5D=detail&cHash=f23698b23dc63b3dff4dab24d91b59e7,
263,NEW,2,Thüringen,,events,2020-03-15,,50,https://www.mdr.de/thueringen/coronavirus-thueringen-erlass-veranstaltungen-100-downloadFile.pdf,https://www.mdr.de/thueringen/coronavirus-ramelow-ankuendigung-100.html
264,CORRECT,2,Thüringen,,restaurants,2020-03-18,,limited,https://www.mdr.de/thueringen/coronavirus-notverordung-landesregierung-100.html,
265,CORRECT,2,Thüringen,,schools,2020-03-16,,,https://www.wz.de/nrw/coronavirus-schulen-kitas-schliessen-das-sind-die-massnahmen-in-nrw_aid-49542813,
266,CORRECT,2,Thüringen,,distance,2020-03-25,,,http://www.parldok.thueringen.de/ParlDok/dokument/74771/gesetz_und_verordnungsblatt_nr_5_2020.pdf,
267,CORRECT,2,Thüringen,,gatherings,2020-03-25,,hh+1,http://www.parldok.thueringen.de/ParlDok/dokument/74771/gesetz_und_verordnungsblatt_nr_5_2020.pdf,
268,CORRECT,2,Thüringen,,events,2020-03-27,,,http://www.parldok.thueringen.de/ParlDok/dokument/74809/gesetz_und_verordnungsblatt_nr_6_2020.pdf,
269,CORRECT,2,Thüringen,,bars,2020-03-18,,,https://www.mdr.de/thueringen/coronavirus-notverordung-landesregierung-100.html,
270,CORRECT,2,Thüringen,,restaurants,2020-03-27,,,http://www.parldok.thueringen.de/ParlDok/dokument/74809/gesetz_und_verordnungsblatt_nr_6_2020.pdf,
271,CORRECT,2,Thüringen,,sports,2020-03-18,,,https://www.mdr.de/thueringen/coronavirus-notverordung-landesregierung-100.html,
272,CORRECT,2,Thüringen,,shops,2020-03-18,,,https://www.mdr.de/thueringen/coronavirus-erlass-verbot-schliessung-geschaefte-102.html#sprung1,
273,CORRECT,2,Thüringen,,shops2,2020-04-24,,,http://www.parldok.thueringen.de/ParlDok/dokument/75040/gesetz_und_verordnungsblatt_nr_9_2020.pdf#page=3,
274,CORRECT,2,Thüringen,,shops open,2020-05-04,,,http://www.parldok.thueringen.de/ParlDok/dokument/75040/gesetz_und_verordnungsblatt_nr_9_2020.pdf#page=3,
275,CORRECT,2,Thüringen,,schools open,2020-05-04,,one old class,http://www.parldok.thueringen.de/ParlDok/dokument/75040/gesetz_und_verordnungsblatt_nr_9_2020.pdf#page=3,
276,CORRECT,2,Thüringen,,masks,2020-04-24,,,http://www.parldok.thueringen.de/ParlDok/dokument/75073/gesetz_und_verordnungsblatt_nr_10_2020.pdf,
277,NEW,2,Thüringen,,sports open,2020-05-04,,limited,http://www.parldok.thueringen.de/ParlDok/dokument/75192/gesetz_und_verordnungsblatt_nr_11_2020.pdf,
278,CORRECT,2,Thüringen,,churches open,2020-05-04,,,http://www.parldok.thueringen.de/ParlDok/dokument/75192/gesetz_und_verordnungsblatt_nr_11_2020.pdf,
279,NEW,2,Thüringen,,schools open,2020-05-11,,old clases first,https://bildung.thueringen.de/ministerium/medienservice/detailseite/schrittweise-oeffnung-der-schulen-und-kindergaerten-in-thueringen/,
280,CORRECT,2,Thüringen,,gatherings,2020-05-13,,2hh,http://www.parldok.thueringen.de/ParlDok/dokument/75418/gesetz_und_verordnungsblatt_nr_12_2020.pdf,http://www.parldok.thueringen.de/ParlDok/dokument/75844/gesetz_und_verordnungsblatt_nr_16_2020.pdf
282,CORRECT,2,Thüringen,,restaurants open,2020-05-15,,,http://www.parldok.thueringen.de/ParlDok/dokument/75418/gesetz_und_verordnungsblatt_nr_12_2020.pdf,
283,CORRECT,2,Thüringen,,bars open,2020-05-15,,,http://www.parldok.thueringen.de/ParlDok/dokument/75418/gesetz_und_verordnungsblatt_nr_12_2020.pdf,
284,CORRECT,2,Thüringen,,sports open,2020-06-01,,,http://www.parldok.thueringen.de/ParlDok/dokument/75418/gesetz_und_verordnungsblatt_nr_12_2020.pdf,
289,CORRECT,2,Thüringen,,kitas open,2020-05-04,,limited,https://www.rki.de/DE/Content/InfAZ/N/Neuartiges_Coronavirus/Projekte_RKI/KiTAStudie_06-2020.pdf?__blob=publicationFile,
290,CORRECT,2,Thüringen,,kitas,2020-03-18,,,https://www.rki.de/DE/Content/InfAZ/N/Neuartiges_Coronavirus/Projekte_RKI/KiTAStudie_06-2020.pdf?__blob=publicationFile,
292,CORRECT,3,Thüringen,SK Jena,masks,2020-04-06,,,https://rathaus.jena.de/de/abendlage-vom-30032020,
293,CORRECT,3,Thüringen,SK Jena,masks recommended,2020-03-30,,,https://rathaus.jena.de/de/abendlage-vom-30032020,
294,NEW,3,Thüringen,SK Jena,bars,2020-03-17,2020-03-28,,https://www.mdr.de/thueringen/ost-thueringen/jena/jena-schliesst-restaurants-kneipen-sportstaetten-100.html,
295,NEW,3,Thüringen,SK Jena,restaurants,2020-03-17,2020-03-28,,https://www.mdr.de/thueringen/ost-thueringen/jena/jena-schliesst-restaurants-kneipen-sportstaetten-100.html,
298,CORRECT,2,Hamburg,,events,2020-03-13,,1000,https://www.hamburg.de/allgemeinverfuegungen/13729974/2020-03-12-allgemeinverfuegung/,
299,CORRECT,2,Hamburg,,events,2020-03-16,,,https://www.hamburg.de/allgemeinverfuegungen/13721232/allgemeinverfuegung-zur-eindaemmung-des-coronavirus-in-hamburg/,
300,CORRECT,2,Hamburg,,bars,2020-03-16,,,https://www.hamburg.de/allgemeinverfuegungen/13721232/allgemeinverfuegung-zur-eindaemmung-des-coronavirus-in-hamburg/,
301,CORRECT,2,Hamburg,,restaurants,2020-03-16,,limited,https://www.hamburg.de/allgemeinverfuegungen/13721232/allgemeinverfuegung-zur-eindaemmung-des-coronavirus-in-hamburg/,
302,CORRECT,2,Hamburg,,sports,2020-03-16,,,https://www.hamburg.de/allgemeinverfuegungen/13721232/allgemeinverfuegung-zur-eindaemmung-des-coronavirus-in-hamburg/,
303,CORRECT,2,Hamburg,,shops,2020-03-17,,,https://www.hamburg.de/allgemeinverfuegungen/13725978/allgemeinverfuegung-vom-16-maerz-2020/,
304,CORRECT,2,Hamburg,,restaurants,2020-03-17,,,https://www.hamburg.de/allgemeinverfuegungen/13725978/allgemeinverfuegung-vom-16-maerz-2020/,
305,CORRECT,2,Hamburg,,kitas,2020-03-21,,,https://www.hamburg.de/allgemeinverfuegungen/13743812/2020-03-20-allgemeinverfuegung-kindertageseinrichtungen-kindertagespflegestellen/,
306,CORRECT,2,Hamburg,,gatherings,2020-03-21,,6,https://www.hamburg.de/allgemeinverfuegungen/13743758/2020-03-20-allgemeinverfuegung-ansammlungsverbot-schliessung-gaststaetten/,
307,CORRECT,2,Hamburg,,distance,2020-03-22,,,https://www.hamburg.de/allgemeinverfuegungen/13746326/2020-03-22-voruebergehende-kontaktbeschraenkungen/,
308,CORRECT,2,Hamburg,,gatherings,2020-03-22,,hh+1,https://www.hamburg.de/allgemeinverfuegungen/13746326/2020-03-22-voruebergehende-kontaktbeschraenkungen/,
309,CORRECT,2,Hamburg,,shops2,2020-04-20,,,https://www.luewu.de/docs/gvbl/docs/2350.pdf,
310,CORRECT,2,Hamburg,,masks,2020-04-27,,,https://www.hamburg.de/coronavirus/13876094/2020-04-24-coronavius-aktueller-stand/,
311,CORRECT,2,Hamburg,,churches open,2020-05-05,,,https://www.luewu.de/docs/gvbl/docs/2353.pdf,
312,CORRECT,2,Hamburg,,sports open,2020-05-05,,limited,https://www.luewu.de/docs/gvbl/docs/2353.pdf,
"313,CORRECT,2,Hamburg,,shops open,2020-05-13,,,""https://www.ndr.de/nachrichten/hamburg/Hamburger-Senat-lockert-weitere-Corona-Beschraenkungen,coronalockerungen114.html"","
"314,CORRECT,2,Hamburg,,gatherings,2020-05-13,,2hh,""https://www.ndr.de/nachrichten/hamburg/Hamburger-Senat-lockert-weitere-Corona-Beschraenkungen,coronalockerungen114.html"","
"315,CORRECT,2,Hamburg,,restaurants open,2020-05-13,,,""https://www.ndr.de/nachrichten/hamburg/Hamburger-Senat-lockert-weitere-Corona-Beschraenkungen,coronalockerungen114.html"","
316,CORRECT,2,Hamburg,,kitas open,2020-05-05,,limited,https://www.rki.de/DE/Content/InfAZ/N/Neuartiges_Coronavirus/Projekte_RKI/KiTAStudie_06-2020.pdf?__blob=publicationFile,
"317,CORRECT,2,Hamburg,,schools open,2020-04-27,,limited,""https://www.ndr.de/nachrichten/hamburg/Corona-So-geht-es-weiter-fuer-Hamburgs-Schulen,schule2154.html"","
"318,CORRECT,2,Hamburg,,schools open,2020-05-25,,limited,""https://www.ndr.de/nachrichten/hamburg/Corona-So-geht-es-weiter-fuer-Hamburgs-Schulen,schule2154.html"","
326,CORRECT,2,Brandenburg,,kitas,2020-03-18,,,https://www.rki.de/DE/Content/InfAZ/N/Neuartiges_Coronavirus/Projekte_RKI/KiTAStudie_Mai.pdf?__blob=publicationFile,
327,CORRECT,2,Brandenburg,,events,2020-03-17,,50,https://bravors.brandenburg.de/br2/sixcms/media.php/76/GVBl_II_10_2020.pdf,
328,CORRECT,2,Brandenburg,,shops,2020-03-17,,,https://bravors.brandenburg.de/br2/sixcms/media.php/76/GVBl_II_10_2020.pdf,
329,CORRECT,2,Brandenburg,,bars,2020-03-17,,,https://bravors.brandenburg.de/br2/sixcms/media.php/76/GVBl_II_10_2020.pdf,
330,CORRECT,2,Brandenburg,,sports,2020-03-17,,,https://bravors.brandenburg.de/br2/sixcms/media.php/76/GVBl_II_10_2020.pdf,
331,CORRECT,2,Brandenburg,,restaurants,2020-03-17,,limited,https://bravors.brandenburg.de/br2/sixcms/media.php/76/GVBl_II_10_2020.pdf,
332,CORRECT,2,Brandenburg,,events,2020-03-23,,,https://www.landesrecht.brandenburg.de/dislservice/disl/dokumente/8581/dokument/14161,
333,CORRECT,2,Brandenburg,,restaurants,2020-03-23,,,https://www.landesrecht.brandenburg.de/dislservice/disl/dokumente/8581/dokument/14161,
334,CORRECT,2,Brandenburg,,distance,2020-03-23,,,https://www.landesrecht.brandenburg.de/dislservice/disl/dokumente/8581/dokument/14161,
335,CORRECT,2,Brandenburg,,curfew,2020-03-23,2020-05-09,,https://www.landesrecht.brandenburg.de/dislservice/disl/dokumente/8581/dokument/14161,https://bravors.brandenburg.de/br2/sixcms/media.php/76/GVBl_II_21_2020.pdf
336,CORRECT,2,Brandenburg,,shops2,2020-04-20,,,https://bravors.brandenburg.de/br2/sixcms/media.php/76/GVBl_II_21_2020.pdf,
337,CORRECT,2,Brandenburg,,churches open,2020-05-04,,,https://bravors.brandenburg.de/br2/sixcms/media.php/76/GVBl_II_25_2020.pdf,
338,CORRECT,2,Brandenburg,,masks,2020-04-27,,,https://bravors.brandenburg.de/br2/sixcms/media.php/76/GVBl_II_25_2020.pdf,
339,CORRECT,2,Brandenburg,,gatherings,2020-05-09,,2hh,https://bravors.brandenburg.de/br2/sixcms/media.php/76/GVBl_II_30_2020.pdf,
340,CORRECT,2,Brandenburg,,shops open,2020-05-09,,,https://bravors.brandenburg.de/br2/sixcms/media.php/76/GVBl_II_30_2020.pdf,
341,CORRECT,2,Brandenburg,,sports open,2020-05-15,,limited,https://bravors.brandenburg.de/br2/sixcms/media.php/76/GVBl_II_30_2020.pdf,
342,CORRECT,2,Brandenburg,,restaurants open,2020-05-15,,limited,https://bravors.brandenburg.de/br2/sixcms/media.php/76/GVBl_II_30_2020.pdf,
344,CORRECT,2,Brandenburg,,schools open,2020-05-23,,limited,https://bravors.brandenburg.de/br2/sixcms/media.php/76/GVBl_II_30_2020.pdf,
345,CORRECT,2,Brandenburg,,kitas open,2020-05-25,,,https://bravors.brandenburg.de/br2/sixcms/media.php/76/GVBl_II_39_2020.pdf,
351,CORRECT,2,Brandenburg,,kitas open,2020-04-27,,limited,https://www.rki.de/DE/Content/InfAZ/N/Neuartiges_Coronavirus/Projekte_RKI/KiTAStudie_Mai.pdf?__blob=publicationFile,
"353,CORRECT,2,Mecklenburg-Vorpommern,,events,2020-03-12,,1000,""https://www.ndr.de/nachrichten/mecklenburg-vorpommern/Coronavirus-MV-sagt-alle-Grossveranstaltungen-ab,coronavirus424.html"","
354,CORRECT,2,Mecklenburg-Vorpommern,,kitas,2020-03-16,,,https://www.rki.de/DE/Content/InfAZ/N/Neuartiges_Coronavirus/Projekte_RKI/KiTAStudie_Mai.pdf?__blob=publicationFile,
355,CORRECT,2,Mecklenburg-Vorpommern,,shops,2020-03-18,,,https://www.regierung-mv.de/static/Regierungsportal/Ministerium%20f%C3%BCr%20Wirtschaft%2c%20Arbeit%20und%20Gesundheit/Dateien/Downloads/GVOBl%20Nr%206%20vom%2018.%20M%C3%A4rz%202020%20-%20Corona.pdf,
356,CORRECT,2,Mecklenburg-Vorpommern,,bars,2020-03-18,,,https://www.regierung-mv.de/static/Regierungsportal/Ministerium%20f%C3%BCr%20Wirtschaft%2c%20Arbeit%20und%20Gesundheit/Dateien/Downloads/GVOBl%20Nr%206%20vom%2018.%20M%C3%A4rz%202020%20-%20Corona.pdf,
357,CORRECT,2,Mecklenburg-Vorpommern,,sports,2020-03-18,,,https://www.regierung-mv.de/static/Regierungsportal/Ministerium%20f%C3%BCr%20Wirtschaft%2c%20Arbeit%20und%20Gesundheit/Dateien/Downloads/GVOBl%20Nr%206%20vom%2018.%20M%C3%A4rz%202020%20-%20Corona.pdf,
358,CORRECT,2,Mecklenburg-Vorpommern,,restaurants,2020-03-18,,limited,https://www.regierung-mv.de/static/Regierungsportal/Ministerium%20f%C3%BCr%20Wirtschaft%2c%20Arbeit%20und%20Gesundheit/Dateien/Downloads/GVOBl%20Nr%206%20vom%2018.%20M%C3%A4rz%202020%20-%20Corona.pdf,
359,CORRECT,2,Mecklenburg-Vorpommern,,events,2020-03-18,,,https://www.regierung-mv.de/static/Regierungsportal/Ministerium%20f%C3%BCr%20Wirtschaft%2c%20Arbeit%20und%20Gesundheit/Dateien/Downloads/GVOBl%20Nr%206%20vom%2018.%20M%C3%A4rz%202020%20-%20Corona.pdf,
360,CORRECT,2,Mecklenburg-Vorpommern,,restaurants,2020-03-22,,,https://www.regierung-mv.de/static/Regierungsportal/Ministerium%20f%C3%BCr%20Wirtschaft%2c%20Arbeit%20und%20Gesundheit/Dateien/Downloads/4.AK_GVO_7_sonder.pdf,
361,CORRECT,2,Mecklenburg-Vorpommern,,distance,2020-03-23,,,https://www.regierung-mv.de/static/Regierungsportal/Ministerium%20f%C3%BCr%20Wirtschaft%2c%20Arbeit%20und%20Gesundheit/Dateien/Downloads/2.AK_GVO_8_corona_sonder.pdf,
362,CORRECT,2,Mecklenburg-Vorpommern,,gatherings,2020-03-23,,hh+1,https://www.regierung-mv.de/static/Regierungsportal/Ministerium%20f%C3%BCr%20Wirtschaft%2c%20Arbeit%20und%20Gesundheit/Dateien/Downloads/2.AK_GVO_8_corona_sonder.pdf,
363,CORRECT,2,Mecklenburg-Vorpommern,,masks recommended,2020-04-20,,,https://www.regierung-mv.de/static/Regierungsportal/Ministerium%20f%C3%BCr%20Wirtschaft%2c%20Arbeit%20und%20Gesundheit/Dateien/Downloads/GVOBl.%20Nr.%2017%20vom%2017.4.2020%20-%20corona.pdf,
364,CORRECT,2,Mecklenburg-Vorpommern,,masks,2020-04-27,,,https://www.regierung-mv.de/static/Regierungsportal/Ministerium%20f%C3%BCr%20Wirtschaft%2c%20Arbeit%20und%20Gesundheit/Dateien/Downloads/GVOBl.%20Nr.%2017%20vom%2017.4.2020%20-%20corona.pdf,
365,CORRECT,2,Mecklenburg-Vorpommern,,shops2,2020-04-20,,,https://www.regierung-mv.de/static/Regierungsportal/Ministerium%20f%C3%BCr%20Wirtschaft%2c%20Arbeit%20und%20Gesundheit/Dateien/Downloads/GVOBl.%20Nr.%2017%20vom%2017.4.2020%20-%20corona.pdf,
366,CORRECT,2,Mecklenburg-Vorpommern,,kitas open,2020-04-20,,limited,https://www.rki.de/DE/Content/InfAZ/N/Neuartiges_Coronavirus/Projekte_RKI/KiTAStudie_Mai.pdf?__blob=publicationFile,
367,CORRECT,2,Mecklenburg-Vorpommern,,sports open,2020-04-30,,limited,https://www.regierung-mv.de/static/Regierungsportal/Ministerium%20f%C3%BCr%20Wirtschaft%2c%20Arbeit%20und%20Gesundheit/Dateien/Downloads/GVOBl.%2021%20v%2029.%20April%202020%203.%C3%84ndVO%20Corona.pdf,
369,CORRECT,2,Mecklenburg-Vorpommern,,churches open,2020-05-04,,,https://www.regierung-mv.de/static/Regierungsportal/Ministerium%20f%C3%BCr%20Wirtschaft%2c%20Arbeit%20und%20Gesundheit/Dateien/Downloads/GVOBl.%2021%20v%2029.%20April%202020%203.%C3%84ndVO%20Corona.pdf,
370,CORRECT,2,Mecklenburg-Vorpommern,,restaurants open,2020-05-09,,,https://www.regierung-mv.de/static/Regierungsportal/Ministerium%20f%C3%BCr%20Wirtschaft%2c%20Arbeit%20und%20Gesundheit/Dateien/Downloads/Endfassung_GVO_26_corona.pdf,
371,CORRECT,2,Mecklenburg-Vorpommern,,events open,2020-05-18,,75,https://www.regierung-mv.de/static/Regierungsportal/Ministerium%20f%C3%BCr%20Wirtschaft%2c%20Arbeit%20und%20Gesundheit/Dateien/Downloads/Endfassung_GVO_26_corona.pdf,
374,CORRECT,2,Mecklenburg-Vorpommern,,shops open,2020-05-07,,,https://www.regierung-mv.de/static/Regierungsportal/Ministerium%20f%C3%BCr%20Wirtschaft%2c%20Arbeit%20und%20Gesundheit/Dateien/Downloads/GVOBl.%20Nr.%2024%20v.%206.5.2020%205.%C3%84ndCor.pdf,
377,CORRECT,2,Mecklenburg-Vorpommern,,schools open,2020-04-27,,limited,https://www.regierung-mv.de/Landesregierung/bm/Blickpunkte/Coronavirus/Coronavirus-%E2%80%93-Informationen-f%C3%BCr-schule/,
378,CORRECT,2,Mecklenburg-Vorpommern,,kitas open,2020-05-11,,,https://www.rki.de/DE/Content/InfAZ/N/Neuartiges_Coronavirus/Projekte_RKI/KiTAStudie_Mai.pdf?__blob=publicationFile,
382,NEW,2,Niedersachsen,,kitas,2020-03-16,,,https://www.hasepost.de/niedersachsen-zieht-nach-schulschliessungen-ab-dem-16-maerz-178383/,
383,CORRECT,2,Niedersachsen,,gatherings,2020-03-23,,hh+1,https://www.niedersachsen.de/download/153376/Allgemeinverfuegung_des_Niedersaechsischen_Gesundheitsministeriums_zur_Beschraenkung_von_Sozialen_Kontakten_vom_22.03.2020.pdf,
384,CORRECT,2,Niedersachsen,,distance,2020-03-23,,,https://www.niedersachsen.de/download/153376/Allgemeinverfuegung_des_Niedersaechsischen_Gesundheitsministeriums_zur_Beschraenkung_von_Sozialen_Kontakten_vom_22.03.2020.pdf,
385,CORRECT,2,Niedersachsen,,sports,2020-03-23,,,https://www.niedersachsen.de/download/153376/Allgemeinverfuegung_des_Niedersaechsischen_Gesundheitsministeriums_zur_Beschraenkung_von_Sozialen_Kontakten_vom_22.03.2020.pdf,
386,CORRECT,2,Niedersachsen,,sports,2020-03-17,,,https://www.niedersachsen.de/download/153171/Erlass_des_Niedersaechsischen_Gesundheitsministeriums_zur_Beschraenkung_von_sozialen_Kontakten_im_oeffentlichen_Bereich_Handeln-Freizeit-Kultur_vom_16.03.2020.pdf,
387,CORRECT,2,Niedersachsen,,shops,2020-03-17,,,https://www.ms.niedersachsen.de/startseite/service_kontakt/presseinformationen/massnahmen-im-kampf-gegen-covid-19-land-untersagt-alle-offentlichen-veranstaltungen-schliessung-aller-freizeit-und-kultureinrichtungen-und-teile-des-einzelhandels-186324.html,
388,CORRECT,2,Niedersachsen,,restaurants,2020-03-18,,limited,https://www.ms.niedersachsen.de/startseite/service_kontakt/presseinformationen/massnahmen-im-kampf-gegen-covid-19-land-untersagt-touristische-ubernachtungen-und-erlaubt-sonntagsoffnung-fur-geschafte-des-taglichen-bedarfs-restaurants-unter-strengen-auflagen-weiter-geoffnet-740-falle-bestatigt-186501.html,
389,CORRECT,2,Niedersachsen,,restaurants,2020-03-23,,,https://www.niedersachsen.de/download/153376/Allgemeinverfuegung_des_Niedersaechsischen_Gesundheitsministeriums_zur_Beschraenkung_von_Sozialen_Kontakten_vom_22.03.2020.pdf,
391,CORRECT,2,Niedersachsen,,events,2020-03-23,,,https://www.niedersachsen.de/download/153376/Allgemeinverfuegung_des_Niedersaechsischen_Gesundheitsministeriums_zur_Beschraenkung_von_Sozialen_Kontakten_vom_22.03.2020.pdf,
392,CORRECT,2,Niedersachsen,,schools open,2020-04-20,,final classes,https://www.niedersachsen.de/download/154330/Nds._GVBl._Nr._10_2020_vom_17.04.2020_S._73-79.pdf,
393,CORRECT,2,Niedersachsen,,shops2,2020-04-20,,,https://www.niedersachsen.de/download/154330/Nds._GVBl._Nr._10_2020_vom_17.04.2020_S._73-79.pdf,
394,CORRECT,2,Niedersachsen,,masks,2020-04-27,,,https://www.niedersachsen.de/download/154565/Nds._GVBl._Nr._11_2020_vom_24.04.2020_S._81-87.pdf,
395,CORRECT,2,Niedersachsen,,sports open,2020-05-06,,limited,https://www.niedersachsen.de/download/154934/Nds._GVBl._Nr._12_2020_vom_05.05.2020_S._89-94.pdf,
396,CORRECT,2,Niedersachsen,,churches open,2020-05-06,,,https://www.niedersachsen.de/download/154934/Nds._GVBl._Nr._12_2020_vom_05.05.2020_S._89-94.pdf,
397,CORRECT,2,Niedersachsen,,restaurants open,2020-05-11,,limited,https://www.niedersachsen.de/download/155109/Nds._GVBl._Nr._13_2020_vom_09.05.2020_S._95-106.pdf,
398,CORRECT,2,Niedersachsen,,shops open,2020-05-11,,,https://www.niedersachsen.de/download/155109/Nds._GVBl._Nr._13_2020_vom_09.05.2020_S._95-106.pdf,
399,CORRECT,2,Niedersachsen,,kitas open,2020-05-18,,limited,https://www.niedersachsen.de/download/155109/Nds._GVBl._Nr._13_2020_vom_09.05.2020_S._95-106.pdf,
400,CORRECT,2,Niedersachsen,,schools open,2020-05-18,,two final classes,https://www.niedersachsen.de/download/155109/Nds._GVBl._Nr._13_2020_vom_09.05.2020_S._95-106.pdf,
401,CORRECT,2,Niedersachsen,,gatherings,2020-05-25,,2hh,https://www.niedersachsen.de/download/155547/Nds._GVBl._Nr._17_2020_vom_22.05.2020_S._133-142.pdf,
402,CORRECT,2,Niedersachsen,,schools open,2020-05-25,,limted,https://www.niedersachsen.de/download/155547/Nds._GVBl._Nr._17_2020_vom_22.05.2020_S._133-142.pdf,
403,CORRECT,2,Niedersachsen,,restaurants open,2020-05-25,,,https://www.niedersachsen.de/download/155547/Nds._GVBl._Nr._17_2020_vom_22.05.2020_S._133-142.pdf,
411,CORRECT,3,Niedersachsen,SK Wolfsburg,masks,2020-04-20,,,https://www.wolfsburg.de/~/media/wolfsburg/statistik_daten_fakten/corona/allgemeinverfuegungen/allgemeinverfuegunginklmaskenpflicht190420.pdf?la=de-DE,
412,CORRECT,3,Niedersachsen,SK Braunschweig,masks,2020-04-25,,,https://szene38.de/ausgehen/maskenpflicht-in-braunschweig/,
415,NEW,2,Sachsen,,curfew,2020-03-31,2020-04-21,,https://de.wikipedia.org/wiki/COVID-19-Pandemie_in_Sachsen,
417,CORRECT,2,Sachsen,,kitas open,2020-05-18,,,https://www.rki.de/DE/Content/InfAZ/N/Neuartiges_Coronavirus/Projekte_RKI/KiTAStudie_06-2020.pdf?__blob=publicationFile,
418,CORRECT,2,Sachsen,,kitas open,2020-04-20,,limited,https://www.rki.de/DE/Content/InfAZ/N/Neuartiges_Coronavirus/Projekte_RKI/KiTAStudie_06-2020.pdf?__blob=publicationFile,
419,CORRECT,2,Sachsen,,kitas,2020-03-18,,,https://www.rki.de/DE/Content/InfAZ/N/Neuartiges_Coronavirus/Projekte_RKI/KiTAStudie_06-2020.pdf?__blob=publicationFile,
420,CORRECT,2,Sachsen,,masks,2020-04-20,,,http://ftp.iza.org/dp13319.pdf,
422,NEW,3,Sachsen,Dresden,curfew,2020-03-22,2020-04-05,,https://www.mdr.de/sachsen/dresden/dresden-radebeul/allgemeinverfuegung-stadt-dresden-102-downloadFile.pdf,
427,CORRECT,2,Saarland,,kitas open,2020-04-28,,limited,https://www.rki.de/DE/Content/InfAZ/N/Neuartiges_Coronavirus/Projekte_RKI/KiTAStudie_06-2020.pdf?__blob=publicationFile,
428,CORRECT,2,Saarland,,kitas,2020-03-16,,,https://www.rki.de/DE/Content/InfAZ/N/Neuartiges_Coronavirus/Projekte_RKI/KiTAStudie_06-2020.pdf?__blob=publicationFile,
429,CORRECT,2,Saarland,,masks,2020-04-27,,,http://ftp.iza.org/dp13319.pdf,
433,CORRECT,2,Sachsen-Anhalt,,kitas open,2020-05-04,,limited,https://www.rki.de/DE/Content/InfAZ/N/Neuartiges_Coronavirus/Projekte_RKI/KiTAStudie_06-2020.pdf?__blob=publicationFile,
434,CORRECT,2,Sachsen-Anhalt,,kitas,2020-03-18,,,https://www.rki.de/DE/Content/InfAZ/N/Neuartiges_Coronavirus/Projekte_RKI/KiTAStudie_06-2020.pdf?__blob=publicationFile,
435,CORRECT,2,Sachsen-Anhalt,,masks,2020-04-22,,,http://ftp.iza.org/dp13319.pdf,
438,CORRECT,2,Schleswig-Holstein,,kitas open,2020-05-01,,,https://www.rki.de/DE/Content/InfAZ/N/Neuartiges_Coronavirus/Projekte_RKI/KiTAStudie_06-2020.pdf?__blob=publicationFile,
439,CORRECT,2,Schleswig-Holstein,,kitas open,2020-04-20,,limited,https://www.rki.de/DE/Content/InfAZ/N/Neuartiges_Coronavirus/Projekte_RKI/KiTAStudie_06-2020.pdf?__blob=publicationFile,
440,CORRECT,2,Schleswig-Holstein,,kitas,2020-03-16,,,https://www.rki.de/DE/Content/InfAZ/N/Neuartiges_Coronavirus/Projekte_RKI/KiTAStudie_06-2020.pdf?__blob=publicationFile,
441,CORRECT,2,Schleswig-Holstein,,masks,2020-04-29,,,http://ftp.iza.org/dp13319.pdf,
443,CORRECT,2,Bremen,,kitas,2020-03-16,,,https://www.rki.de/DE/Content/InfAZ/N/Neuartiges_Coronavirus/Projekte_RKI/KiTAStudie_Mai.pdf?__blob=publicationFile,
444,CORRECT,2,Bremen,,kitas open,2020-04-20,,limited,https://www.rki.de/DE/Content/InfAZ/N/Neuartiges_Coronavirus/Projekte_RKI/KiTAStudie_Mai.pdf?__blob=publicationFile,
445,CORRECT,2,Bremen,,masks,2020-04-27,,,http://ftp.iza.org/dp13319.pdf,
448,CORRECT,2,Rheinland-Pfalz,,kitas open,2020-04-17,,limited,https://www.rki.de/DE/Content/InfAZ/N/Neuartiges_Coronavirus/Projekte_RKI/KiTAStudie_06-2020.pdf?__blob=publicationFile,
449,CORRECT,2,Rheinland-Pfalz,,kitas,2020-03-16,,,https://www.rki.de/DE/Content/InfAZ/N/Neuartiges_Coronavirus/Projekte_RKI/KiTAStudie_06-2020.pdf?__blob=publicationFile,
450,CORRECT,2,Rheinland-Pfalz,,masks,2020-04-27,,,http://ftp.iza.org/dp13319.pdf,
,CORRECT,2,Berlin,,sports,2020-03-13,,limited,https://www.berlin.de/ba-treptow-koepenick/aktuelles/pressemitteilungen/2020/pressemitteilung.906431.php,
,CORRECT,2,Berlin,,restaurants,2020-03-14,,,https://www.berlin.de/sen/uvk/presse/pressemitteilungen/2020/pressemitteilung.906900.php,
,CORRECT,2,Bayern,,gatherings,2020-03-17,,hh,https://www.verkuendung-bayern.de/baymbl/2020-143/,
,CORRECT,2,Berlin,,schools,2020-03-17,,,https://www.berlin.de/sen/justiz/service/gesetze-und-verordnungen/2020/ausgabe-nr-10-vom-19-3-2020-s-209-212.pdf#page=2,https://www.berlin.de/sen/uvk/presse/pressemitteilungen/2020/pressemitteilung.906900.php
,CORRECT,2,Nordrhein-Westfalen,,sports,2020-03-17,,limited,https://lexcorona.de/lib/exe/fetch.php?media=rechtsakteland:nrw:erlass-kontakt-reduzierende-massnahmen-15032020.pdf,
,CORRECT,2,Niedersachsen,,events,2020-03-17,,50,https://www.niedersachsen.de/download/153171/Erlass_des_Niedersaechsischen_Gesundheitsministeriums_zur_Beschraenkung_von_sozialen_Kontakten_im_oeffentlichen_Bereich_Handeln-Freizeit-Kultur_vom_16.03.2020.pdf,
,CORRECT,2,Niedersachsen,,gatherings,2020-03-17,,10,https://www.niedersachsen.de/download/153171/Erlass_des_Niedersaechsischen_Gesundheitsministeriums_zur_Beschraenkung_von_sozialen_Kontakten_im_oeffentlichen_Bereich_Handeln-Freizeit-Kultur_vom_16.03.2020.pdf,
,CORRECT,2,Niedersachsen,,bars,2020-03-17,,,https://www.niedersachsen.de/download/153171/Erlass_des_Niedersaechsischen_Gesundheitsministeriums_zur_Beschraenkung_von_sozialen_Kontakten_im_oeffentlichen_Bereich_Handeln-Freizeit-Kultur_vom_16.03.2020.pdf,
,CORRECT,2,Berlin,,shops,2020-03-18,,,https://www.berlin.de/ba-treptow-koepenick/aktuelles/pressemitteilungen/2020/pressemitteilung.908299.php,
,CORRECT,2,Hamburg,,holidays,2020-05-26,2020-08-06,,https://www.t-online.de/leben/reisen/reisetipps/id_86983396/schulferien-2020-in-deutschland-das-ist-der-ferienkalender-aller-bundeslaender-.html,
,CORRECT,2,Mecklenburg-Vorpommern,,holidays,2020-06-22,2020-08-03,,https://www.t-online.de/leben/reisen/reisetipps/id_86983396/schulferien-2020-in-deutschland-das-ist-der-ferienkalender-aller-bundeslaender-.html,
,CORRECT,2,Berlin,,holidays,2020-06-25,2020-08-10,,https://www.t-online.de/leben/reisen/reisetipps/id_86983396/schulferien-2020-in-deutschland-das-ist-der-ferienkalender-aller-bundeslaender-.html,
,CORRECT,2,Brandenburg,,holidays,2020-06-25,2020-08-10,,https://www.t-online.de/leben/reisen/reisetipps/id_86983396/schulferien-2020-in-deutschland-das-ist-der-ferienkalender-aller-bundeslaender-.html,
,CORRECT,2,Nordrhein-Westfalen,,holidays,2020-06-29,2020-08-12,,https://www.t-online.de/leben/reisen/reisetipps/id_86983396/schulferien-2020-in-deutschland-das-ist-der-ferienkalender-aller-bundeslaender-.html,
,CORRECT,2,Schleswig-Holstein,,holidays,2020-06-29,2020-08-10,,https://www.t-online.de/leben/reisen/reisetipps/id_86983396/schulferien-2020-in-deutschland-das-ist-der-ferienkalender-aller-bundeslaender-.html,
,CORRECT,2,Hessen,,holidays,2020-07-06,2020-08-17,,https://www.t-online.de/leben/reisen/reisetipps/id_86983396/schulferien-2020-in-deutschland-das-ist-der-ferienkalender-aller-bundeslaender-.html,
,CORRECT,2,Rheinland-Pfalz,,holidays,2020-07-06,2020-08-17,,https://www.t-online.de/leben/reisen/reisetipps/id_86983396/schulferien-2020-in-deutschland-das-ist-der-ferienkalender-aller-bundeslaender-.html,
,CORRECT,2,Saarland,,holidays,2020-07-06,2020-08-17,,https://www.t-online.de/leben/reisen/reisetipps/id_86983396/schulferien-2020-in-deutschland-das-ist-der-ferienkalender-aller-bundeslaender-.html,
,CORRECT,2,Bremen,,holidays,2020-07-16,2020-08-27,,https://www.t-online.de/leben/reisen/reisetipps/id_86983396/schulferien-2020-in-deutschland-das-ist-der-ferienkalender-aller-bundeslaender-.html,
,CORRECT,2,Niedersachsen,,holidays,2020-07-16,2020-08-27,,https://www.t-online.de/leben/reisen/reisetipps/id_86983396/schulferien-2020-in-deutschland-das-ist-der-ferienkalender-aller-bundeslaender-.html,
,CORRECT,2,Sachsen-Anhalt,,holidays,2020-07-16,2020-08-27,,https://www.t-online.de/leben/reisen/reisetipps/id_86983396/schulferien-2020-in-deutschland-das-ist-der-ferienkalender-aller-bundeslaender-.html,
,CORRECT,2,Sachsen,,holidays,2020-07-20,2020-08-31,,https://www.t-online.de/leben/reisen/reisetipps/id_86983396/schulferien-2020-in-deutschland-das-ist-der-ferienkalender-aller-bundeslaender-.html,
,CORRECT,2,Thüringen,,holidays,2020-07-20,2020-08-31,,https://www.t-online.de/leben/reisen/reisetipps/id_86983396/schulferien-2020-in-deutschland-das-ist-der-ferienkalender-aller-bundeslaender-.html,
,CORRECT,2,Bayern,,holidays,2020-07-27,2020-09-08,,https://www.t-online.de/leben/reisen/reisetipps/id_86983396/schulferien-2020-in-deutschland-das-ist-der-ferienkalender-aller-bundeslaender-.html,
,CORRECT,2,Baden-Württemberg,,holidays,2020-07-30,2020-09-14,,https://www.t-online.de/leben/reisen/reisetipps/id_86983396/schulferien-2020-in-deutschland-das-ist-der-ferienkalender-aller-bundeslaender-.html,
